{"0":{"Emirates":0.005005005,"Etihad":0.0050454087,"Qatar":0.1168562565},"1":{"Emirates":0.003003003,"Etihad":0.1927346115,"Qatar":0.0020682523},"10":{"Emirates":0.029029029,"Etihad":0.102926337,"Qatar":0.0155118925},"11":{"Emirates":0.034034034,"Etihad":0.0090817356,"Qatar":0.0423991727},"12":{"Emirates":0.041041041,"Etihad":0.0232088799,"Qatar":0.0961737332},"13":{"Emirates":0.012012012,"Etihad":0.0524722503,"Qatar":0.006204757},"14":{"Emirates":0.1251251251,"Etihad":0.0100908174,"Qatar":0.0031023785},"15":{"Emirates":0.1191191191,"Etihad":0.0020181635,"Qatar":0.0020682523},"16":{"Emirates":0.0,"Etihad":0.1897073663,"Qatar":0.0010341262},"17":{"Emirates":0.003003003,"Etihad":0.0050454087,"Qatar":0.0941054809},"18":{"Emirates":0.0950950951,"Etihad":0.0585267407,"Qatar":0.050672182},"19":{"Emirates":0.008008008,"Etihad":0.0070635721,"Qatar":0.1851085832},"2":{"Emirates":0.0,"Etihad":0.0565085772,"Qatar":0.0010341262},"3":{"Emirates":0.005005005,"Etihad":0.0010090817,"Qatar":0.1613236815},"4":{"Emirates":0.001001001,"Etihad":0.2068617558,"Qatar":0.0041365047},"5":{"Emirates":0.1021021021,"Etihad":0.0625630676,"Qatar":0.0175801448},"6":{"Emirates":0.0,"Etihad":0.0,"Qatar":0.1675284385},"7":{"Emirates":0.0800800801,"Etihad":0.0,"Qatar":0.0},"8":{"Emirates":0.1711711712,"Etihad":0.0,"Qatar":0.0020682523},"9":{"Emirates":0.1661661662,"Etihad":0.015136226,"Qatar":0.0310237849}}